id,name,location_raw,proposed_location,confidence,rationale
a259475d-bcfe-4302-bf72-b31e0031e195,"Aboriginal Investment NT","Darwin, NT","Darwin, NT",high,"NT state body; already clean city+state (unchanged)"
1a4f0009-d720-44f5-a64e-e6c27acb98c8,"ACT Government","Unknown","Canberra, ACT",medium,"ACT government body; seat is Canberra (location_state ACT, jurisdiction ACT)"
3e484652-c08a-4600-b029-6148e5f9652b,"Advantage Austria","1 York St, New South Wales 2000, AU","Sydney, NSW",high,"AU office address NSW 2000 = Sydney CBD"
74d09037-ee7d-4267-8c53-0955f4efafdb,"Agriculture Victoria","Melbourne, VIC","Melbourne, VIC",high,"VIC state body; already clean (unchanged)"
fa17d9cf-f33f-413d-a5d4-b7845d71bc1a,"AiGroup - Australian Industry Group","Sydney, Australia","Sydney, NSW",medium,"National industry association; HQ Sydney (location + location_state NSW)"
5f944b0d-54f9-4a51-a92f-572f746d6bfa,"ALABC - Australia Latin America Business Council","Unknown",,low,"Unknown location; junk/unrelated domain (plusmining.com); no reliable city -> NULL"
6c1261f1-7990-4dd3-8586-cbe24a6ff4cf,"ALTIOS International","22 rue de la Pepiniere, Ile de France 75008, FR","Paris, France",high,"Overseas HQ; Paris (FR 75008)"
4e1acc9d-bccd-4279-a592-fcd8c3705800,"AmCham Australia","Level 3, 15 Castlereagh Street, NSW 2000, AU","Sydney, NSW",high,"AU address NSW 2000 = Sydney CBD"
b4cfe352-b841-43d0-8622-01a8faf220a2,"AmCham New Zealand","95 Esperance Rd, 1071, NZ","Auckland, NZ",high,"NZ address; Auckland (postcode 1071 + location_state)"
64bb1d43-dedd-4e3e-bc2e-928ce3fe28d9,"American Chamber of Commerce in Australia","Unknown","Sydney, NSW",medium,"Same org as AmCham Australia (amcham.com.au); Sydney HQ, location_state NSW"
355fe080-4c8d-4585-87a7-cdf11b92149c,"American Chamber of Commerce in New Zealand Inc","Unknown","Auckland, NZ",medium,"NZ chamber (amcham.co.nz); Auckland per sister record + location_state"
03e58b9a-f0c7-4f06-8c64-2c485ef6ee69,"AMES Australia Settlement Services","Melbourne, VIC","Melbourne, VIC",high,"Victorian settlement body; already clean (unchanged)"
68f8147c-40f6-423d-aa43-5ac94db222a2,"APCCI Australia Peru Chamber of Commerce Inc","New South Wales 2000, AU","Sydney, NSW",high,"Address NSW 2000 = Sydney CBD"
d4fee85d-be98-4039-9dc5-b425a6a1f920,"ARAIN (National AI Adopt Centre)","Melbourne, VIC","Melbourne, VIC",high,"Melbourne-based centre; already clean (unchanged)"
c69e968a-fd14-4797-a519-32b6c8e0d0e7,"ArCham - Argentine Chamber of Commerce in Australia","Western Australia 6000, AU","Perth, WA",high,"Address WA 6000 = Perth CBD"
853340b5-6d3c-45e9-855e-b550d1f003ac,"ASEAN Chamber of Commerce Inc.","St Georges Terrace, Western Australia 6000, AU","Perth, WA",high,"St Georges Terrace WA 6000 = Perth CBD"
7fbf319c-6634-40e3-b324-3827eb68bbb5,"ASEAN New Zealand Business Council","7 Geraldine Pl, 1071, NZ","Auckland, NZ",high,"NZ address; Auckland (postcode 1071 + location_state)"
927826be-c806-4999-b4cc-dfb54d0c38f1,"Associated Chinese Chamber of Commerce and Industries of Australia","35 Collins Street, Victoria 3000, AU","Melbourne, VIC",high,"Collins St VIC 3000 = Melbourne CBD"
edd035d6-146f-40b1-b4c4-11df8d97301f,"Austrade","300 Barangaroo Ave, Tower 3, International Towers, New South Wales 2000, AU","Australia",high,"National federal trade agency -> country-level (national coverage)"
e7af302e-0910-494e-8bfc-a01f529e28de,"Australia Africa Chamber of Commerce","Level 5, 121 Exhibition Street, VIC 3000, AU","Melbourne, VIC",high,"Exhibition St VIC 3000 = Melbourne CBD"
adac93b0-023f-4863-aaa9-83bcfec15a69,"Australia Arab Chamber of Commerce & Industry","L5, 121 Exhibition Street, VIC 3000, AU","Melbourne, VIC",high,"Exhibition St VIC 3000 = Melbourne CBD"
71dd6052-1da9-4cf3-aff5-6055d11c83fb,"Australia Brazil Business Council","Unknown","Sydney, NSW",medium,"Legit domain (aubrbc.org); location_state NSW -> Sydney (capital inference)"
4e9c60c8-d23a-4071-94ad-28cbc309b8e9,"Australia China Business Council","International Chamber House, Level 5, 121 Exhibition Street, VIC 3000, AU","Melbourne, VIC",high,"Exhibition St VIC 3000 = Melbourne CBD"
c7cfc6dc-f51f-435b-81e9-a60a31d5ba82,"Australia China Business Council Victorian Branch","Unknown","Melbourne, VIC",medium,"ACBC Victorian branch; location_state VIC -> Melbourne (capital inference)"
becd947b-94aa-4164-a2ac-3a59edbc66c5,"Australia India Chamber of Commerce (AICC)","121 Exhibition St, Level 5, Victoria 3000, AU","Melbourne, VIC",high,"Exhibition St VIC 3000 = Melbourne CBD"
6778c4d1-e3a2-4c1b-bd20-ee273fb186aa,"Australia Indonesia Business Council (AIBC)","International Chamber House, Level 5, 121 Exhibition Street, VIC 3000, AU","Melbourne, VIC",high,"Exhibition St VIC 3000 = Melbourne CBD"
76445490-0be3-43d3-9955-5fd8194a9c23,"Australia Malaysia Business Council (NSW Chapter)","Unknown","Sydney, NSW",medium,"Name 'NSW Chapter' + jurisdiction New South Wales -> Sydney (capital inference)"
a68978e5-bcd1-453c-b56e-c3fc6fa2b27c,"Australia Malaysia Business Council Victoria","PO Box 500, Flinders Lane, Vic 8009, AU","Melbourne, VIC",high,"Flinders Lane VIC 8009 = Melbourne CBD PO"
b6c7055c-f7e8-4b9e-af5a-1a8a4726a962,"Australia Malaysia Chamber of Commerce (AMCC)","Unknown",,low,"Unknown; location_state null; junk domain (arvensystech.com); no reliable city -> NULL"
f04fbe9a-72d9-4e4b-bfcb-cfbe86384aa4,"Australia Philippines Business Council","AU","Sydney, NSW",medium,"Country-only location; legit domain (apbc.org.au) + location_state NSW -> Sydney (capital inference)"
e0aaa6d6-8c74-4859-9419-1202875bcb82,"Australia Saudi Business Council","Unknown","Melbourne, VIC",medium,"Legit domain (asbc.org.au); location_state Victoria -> Melbourne (capital inference)"
8b257c62-06e0-4e05-9ee1-baa631af1921,"Australia UAE Business Council","91 King William St, Level 23, South Australia 5000, AU","Adelaide, SA",high,"King William St SA 5000 = Adelaide CBD"
896f1545-a1a0-4287-8231-c5ad0f125134,"Australia Vietnam Business Council","PO Box, NSW 1560, AU","Sydney, NSW",high,"NSW 1560 = Sydney metro PO; location_state NSW"
13015877-10d6-4031-8810-7d8499fc5cd6,"Australia Zimbabwe Business Council","Unknown",,low,"Unknown; unrelated domain (royalmanagementconsultants.com); state-only signal -> NULL"
bd134e54-5792-40a1-8a23-ba69cbc73bff,"Australia-Israel Chamber of Commerce","New South Wales 1360, AU","Sydney, NSW",high,"NSW 1360 = Sydney PO"
8698e092-53da-4bbd-aa43-56544e687dfd,"Australia-Korea Business Council","121 Exhibition Street, Victoria 3000, AU","Melbourne, VIC",high,"Exhibition St VIC 3000 = Melbourne CBD"
46ed8ed7-5b58-42cb-ace5-f343681a2218,"Australia-Latin America Business Council","92 Pitt Street, Level 7, New South Wales 2000, AU","Sydney, NSW",high,"Pitt St NSW 2000 = Sydney CBD"
653e7471-d3dd-4b54-8954-d955736f6da7,"Australia-United Kingdom Chamber of Commerce","Sydney, Australia","Sydney, NSW",medium,"Location field says Sydney (location_state 'England' conflicts) -> Sydney, NSW"
9ef10bf3-bbe8-4c76-82a3-fc1c864af1ef,"Australian Asian Chamber of Commerce and Industry","Unknown",,low,"Unknown; unrelated domain (kingwayint.com.au); weak state-only signal -> NULL"
34aef445-6155-4370-b98f-e8af8b5747e1,"Australian Bosnian and Herzegovinian Chamber of Commerce","New South Wales, AU","Sydney, NSW",medium,"State-only location; legit domain (abhcc.com.au) -> Sydney (capital inference)"
3f93183c-99a6-474b-ac4d-c82f600c4fc6,"Australian British Chamber of Commerce","4-6 Bligh St, Suite 5.02, New South Wales 2000, AU","Sydney, NSW",high,"Bligh St NSW 2000 = Sydney CBD"
cf78a9f6-f62d-412a-810f-222d56814682,"Australian Jordanian Chamber of Commerce & Industry (AJCCI)","Unknown",,low,"Unknown; unrelated domain (artcivil.com.au); state-only signal -> NULL"
11caa386-821a-4c0a-a595-541763449fa4,"Australian Netherlands Chamber of Commerce SA (DutchSA)","Unknown","Adelaide, SA",medium,"Name 'SA' + jurisdiction South Australia -> Adelaide (capital inference)"
b9b542f7-47ba-4a01-b019-f62d06bd710b,"Australian Taiwanese Chamber of Commerce (Qld) Inc","4 Woodsiana St, Queensland 4109, AU","Brisbane, QLD",high,"QLD 4109 (Sunnybank) = Brisbane"
3f9181d8-1c40-42a1-85a3-27d3b5edc2e2,"Australian-Croatian Chamber of Commerce NSW","Unknown","Sydney, NSW",medium,"Name 'NSW' + location_state NSW -> Sydney (capital inference)"
26bc1464-6952-4baf-bfa2-4dd8bce340d0,"British Consulate General Brisbane","Unknown","Brisbane, QLD",high,"Name states Brisbane; location_state Queensland"
30bf896e-b9f0-48b8-970f-cc17b51deedd,"British High Commission in Wellington","Unknown","Wellington, NZ",high,"Name states Wellington (NZ)"
484ec561-db11-4554-94b2-65aeba46ff7a,"Business France","77 boulevard Saint Jacques, Île-de-France 75014, FR","Paris, France",high,"Overseas HQ; Paris (FR 75014)"
8e31f045-1647-4766-9ab7-66b223b42f47,"Business Queensland","Brisbane, QLD","Brisbane, QLD",high,"QLD state body; already clean (unchanged)"
f94fecc9-7f3d-4ed0-9e65-046b418e09f6,"Business Sweden","Klarabergsviadukten 70, Box 240, 10124, SE","Stockholm, Sweden",high,"Overseas HQ; Stockholm (SE 10124)"
a7bc1511-e9f5-4558-b52f-8eefba239b07,"Business Tasmania","Hobart, TAS","Hobart, TAS",high,"TAS state body; already clean (unchanged)"
8796e62b-3aef-4647-9ed8-160887495938,"Callaghan Innovation","Wellington, New Zealand","New Zealand",medium,"National NZ innovation agency -> country-level"
91aced96-0196-4fcd-97e0-267beffc8f5c,"Canadian Consulate / Global Affairs Canada","Unknown","Canberra, ACT",medium,"Canadian High Commission seat; location_state ACT -> Canberra"
f7fa3c9a-a80f-4664-b950-788e91122cda,"Chamber of Commerce and Industry of Uzbekistan","235 St Georges Terrace, Western Australia 6000, AU","Tashkent, Uzbekistan",medium,"Uzbekistan CCI (name + location_state Tashkent); Perth address/domain appear mis-sourced from CCIWA"
72f760db-66b1-4e6f-8c0f-98c682a99f57,"Chamber of Commerce and Industry of Western Australia (CCIWA)","235 St Georges Terrace, Western Australia 6000, AU","Perth, WA",high,"St Georges Terrace WA 6000 = Perth CBD"
775053e9-a1ed-45c5-a551-25625caa9a8d,"China and New Zealand Business Council","P.O. Box 11, NZ","Wellington, NZ",medium,"NZ body; PO box; location_state Wellington"
f9dce2b8-2d90-439e-ad8a-ec589d9e66c2,"Consulate General of Italy","Unknown","Sydney, NSW",medium,"Italian Consulate-General is Sydney; location_state NSW + jurisdiction NSW"
3380888b-3ea0-4334-b70b-3506cd0e7b0e,"Consulate General of Malaysia, Perth","6000, AU","Perth, WA",high,"Name states Perth; postcode 6000 + location_state WA"
497f2f64-c583-4601-b0eb-52f95a5df1c0,"Consulate General of Nepal to Victoria","Level 7, 28-32 Elizabeth Street, Victoria 3000, AU","Melbourne, VIC",high,"Elizabeth St VIC 3000 = Melbourne CBD"
3440a8a4-e985-4ca5-9604-fbde3f85567b,"Consulate General of Sri Lanka in Melbourne","Suite 536, No 1 Queens Road, VIC 3004, AU","Melbourne, VIC",high,"Name Melbourne; Queens Rd VIC 3004 = Melbourne"
04c3e8a3-fb40-4dff-a1ad-b645242f23bf,"Consulate General of the Arab Republic of Egypt","6/33 York St, 2000, au","Sydney, NSW",high,"York St 2000 (NSW) = Sydney CBD; location_state NSW"
c8fd578b-84ce-4e58-b9d4-cc4e993f1525,"Consulate General of the Republic of Austria in Victoria","Unknown","Melbourne, VIC",medium,"Name 'in Victoria' + location_state Victoria -> Melbourne (consulate seat)"
2b5b540c-14c9-40ce-9f24-e92f039e7a59,"Consulate General of the Republic of Indonesia in Melbourne","72 Queens Rd, Victoria, AU","Melbourne, VIC",high,"Name Melbourne; Queens Rd, VIC = Melbourne"
02012731-70cc-4084-b5fa-4c485eb4c81f,"Consulate General of the Republic of Korea in Melbourne","Unknown","Melbourne, VIC",high,"Name states Melbourne; location_state VIC"
529439b4-0571-497f-989f-8326487169fa,"Danish Trade Council","Unknown","Denmark",medium,"Denmark's national trade council (thetradecouncil.dk) -> country-level; distinct from the Sydney Oceania desk record"
a72d69fc-a891-4d71-9a91-6f7200540777,"Department for Business and Trade","Old Admiralty Building, SW1A 2EG, GB","London, United Kingdom",high,"UK government dept; London HQ (SW1A)"
897603bf-9024-4012-bb31-7655b0cd6f67,"Disability Gateway","Australia","Australia",high,"National federal service -> country-level (unchanged)"
c524cd3f-ca20-43f1-a634-d00135a9588b,"Dutch Chamber of Commerce Queensland","Unknown","Brisbane, QLD",medium,"Name 'Queensland' + jurisdiction QLD -> Brisbane (capital inference); domain junk"
0b175ff5-ac59-4c21-8969-2308ca3bd7bf,"DutchSA - Australian Netherlands Chamber of Commerce","SA 5000, AU","Adelaide, SA",high,"SA 5000 = Adelaide CBD"
4ebc01c3-d436-4fd6-ba30-61a7698a3d9c,"EACCI Estonian Australian Chamber of Commerce and Industry","10a Dalley Ave, New South Wales 2030, AU","Sydney, NSW",high,"NSW 2030 (Vaucluse) = Sydney"
47af3081-d305-496d-a6b7-5d8f5368af0e,"Embassy and Consulate-General of the Kingdom of the Netherlands in Australia","AU","Canberra, ACT",medium,"Netherlands Embassy in AU -> Canberra; location_state ACT"
ff4e193a-b603-4f69-955a-8671faeee88d,"Embassy of Argentina in Australia","Unknown","Canberra, ACT",medium,"Embassy in AU -> Canberra; location_state Australian Capital Territory"
3f0c75b7-6801-41ea-bc8b-06ff63838a1d,"Embassy of Switzerland in Australia","7, Melbourne Avenue, Forrest, ACT 2603, AU","Canberra, ACT",high,"Forrest ACT 2603 = Canberra"
cd29a578-c3db-4abf-938f-7e10894bd947,"Embassy of the United States of America","Unknown","Canberra, ACT",medium,"US Embassy in AU -> Canberra; location_state ACT"
800e9719-e6ca-4bc8-abad-10c323a030e7,"Enterprise Ireland","East Point Business Park, D03 E5R6, IE","Dublin, Ireland",high,"Overseas HQ; Dublin (IE D03)"
0f827ee8-d4dc-4252-84ec-867f577e6e2d,"Enterprise Singapore","230, Victoria Street,, Level 9, Bugis Junction Office Tower, Singapore 188024, SG","Singapore",high,"Singapore (city-state)"
28cf410f-89d5-418c-b967-bce36330bcdd,"Estonian Australian Chamber of Commerce","Unknown","Sydney, NSW",medium,"Duplicate of EACCI (Sydney); location_state NSW -> Sydney (capital inference)"
a61bce75-7878-4ef1-b315-796cb9634ab5,"European Australian Business Council (EABC)","43 Phillip Street, NSW 2000, AU","Sydney, NSW",high,"Phillip St NSW 2000 = Sydney CBD"
7a95ecc9-58e8-4f0e-a1fc-483b2e9b6465,"Expandys","20 Eastcheap, England EC3M 1EB, GB","London, United Kingdom",high,"Overseas HQ; London (EC3M)"
402b508d-1064-4117-b7c8-12e4fed9bd8e,"Export Connect","755 Harris St, New South Wales 2007, AU","Sydney, NSW",high,"Harris St NSW 2007 (Ultimo) = Sydney"
27fb8cf0-1e79-4500-9308-8b9712b845c2,"Export Council of Australia (ECA)","Unknown","Australia",medium,"National industry association (jurisdiction australia) -> country-level"
594469ab-f8b7-41f7-9cae-cd1ab83f8673,"Export Development Canada","150 Slater Street, Ontario K1A 1K3, CA","Ottawa, Canada",high,"Slater St K1A (Ontario) = Ottawa"
aa7eaff2-beb4-410c-b04e-2801858e03aa,"Export Finance Australia (previously EFIC)","Level 11, Export Finance House, 22 Pitt Street, NSW 2000, AU","Australia",high,"National federal export finance agency -> country-level (national coverage)"
60f9ce66-a06b-4440-b384-f9583d425e04,"FACCI - French-Australian Chamber of Commerce & Industry","Level 8, 257 Clarence Street, NSW 2000, AU","Sydney, NSW",high,"Clarence St NSW 2000 = Sydney CBD"
18272f6a-ff6a-490c-9e92-db760431f5ca,"Federation of Filipino Chinese Chamber of Commerce & Industry Inc.","Unknown","Manila, Philippines",medium,"Philippine body (officialgazette.gov.ph, location_state Metro Manila) -> foreign; location_country wrongly australia"
5e0016c7-0ba5-4ea3-987c-a8b1c3f01c92,"Fiji Consulate General & Trade Commission - Australia & New Zealand","227 Elizabeth St, Suite 1, Level 8, NSW 2000, AU","Sydney, NSW",high,"Elizabeth St NSW 2000 = Sydney CBD"
a884b6e1-4477-4640-b3c0-3ab7d69fb924,"Finland Australia Chamber of Commerce, Inc. (FACC)","NSW 2000, AU","Sydney, NSW",high,"NSW 2000 = Sydney CBD"
22f38884-7b8f-498a-8f6e-acfb9b895e7e,"FinTech Australia","Sydney, Australia","Sydney, NSW",medium,"National industry association; location field says Sydney"
12c848ea-76bd-4df0-bd51-a268e2be0865,"French New Zealand Chamber of Commerce and Industry (FNZCCI)","Level 9, 90 Symonds Street Grafton, Auckland 1010, NZ","Auckland, NZ",high,"Auckland 1010 address (NZ)"
12c833ec-1e6d-46cf-8363-3754b254b148,"German Embassy Canberra","119 Empire Cct, Australian Capital Territory 2600, AU","Canberra, ACT",high,"Name Canberra; ACT 2600 = Canberra"
6e78a6c4-f2eb-4a6c-8600-984c9644364f,"German-New Zealand Chamber of Commerce Inc. (GNZCC)","Level 14, HSBC Tower, 188 Quay Street, 1010, NZ","Auckland, NZ",high,"Quay St 1010 = Auckland (NZ)"
fefa8ff9-ca7c-4164-8d30-c883531b5580,"Germany Trade & Invest","Friedrichstraße 60, 10117, DE","Berlin, Germany",high,"Overseas HQ; Berlin (DE 10117, location_state Berlin)"
1644b481-b2a0-465f-bca3-9796fef9c221,"Global Victoria","Level 33, 121 Exhibition St, VIC 3000, AU","Melbourne, VIC",high,"VIC state trade body; Exhibition St VIC 3000 = Melbourne"
60b29668-333e-4075-b4f1-5fc7ada6c4e4,"Haymarket HQ","Level 2/63 Dixon Street, New South Wales 2000, AU","Sydney, NSW",high,"Dixon St NSW 2000 (Haymarket) = Sydney CBD"
7a3101d7-cd8b-4296-b31d-d103ea2fec19,"Hellenic Australian Chamber of Commerce and Industry (Victoria)","Unknown","Melbourne, VIC",medium,"Name '(Victoria)' + jurisdiction Victoria -> Melbourne (capital inference); domain hacci.com.au"
bd803042-5949-4b1a-95ef-c9ad612c9f37,"Hong Kong Trade Development Council","38/F Office Tower, Convention Plaza, 1 Harbour Road, Hong Kong 00000, HK","Hong Kong",high,"Overseas HQ; Hong Kong"
36b6d2dc-f140-4366-9823-5b99ee133f4d,"India New Zealand Business Council","PO BOX 74297, Greenlane, Auckland 1546, NZ","Auckland, NZ",high,"Greenlane, Auckland 1546 (NZ)"
bab10cf6-5329-4140-b165-3ff0247cce1f,"Indigenous Business Australia","Australia","Australia",high,"National federal agency -> country-level (unchanged)"
55f921a6-a25f-40e5-aaa3-33c6bf129ae7,"Indonesian Chamber of Commerce Western Australia","28 Belmont Ave, Unit 16, Western Australia 6103, AU","Perth, WA",high,"WA 6103 (Rivervale) = Perth"
81698970-6f5e-422e-ab03-14829747df81,"International Chamber of Commerce Australia","Unknown","Australia",medium,"National ICC committee (jurisdiction Australia) -> country-level; domain junk"
b5fd46ee-7724-4362-900c-39275365e76a,"Invest Northern Ireland","Belfast, Northern Ireland","Belfast, United Kingdom",high,"Overseas HQ; Belfast (location_country united_kingdom)"
4b3f7e02-1180-4f54-afd8-99c75a8f3e8e,"Invest Victoria","Melbourne, Australia","Melbourne, VIC",high,"VIC state investment body; location Melbourne -> Melbourne, VIC"
8c426a13-bab5-433b-94b4-ce36657e5972,"Investment NSW","Sydney, Australia","Sydney, NSW",high,"NSW state investment body; location Sydney -> Sydney, NSW"
28fff8c6-b731-46f0-9172-4ad9eef94354,"Irish Australian Chamber of Commerce","Level 1, 530 Little Collins Street, VIC 3000, AU","Melbourne, VIC",high,"Little Collins St VIC 3000 = Melbourne CBD"
30ae8cdf-2628-49b4-a0a6-5160f57d6ab5,"ITA - Italian Trade Agency","Via Liszt, 21, 00144, IT","Rome, Italy",high,"Overseas HQ; Rome (IT 00144)"
09a7eab2-e077-4478-b890-e1d7e3fd579b,"Italian Chamber of Commerce and Industry in Australia - Melbourne Inc.","185 Faraday street, Victoria 3053, AU","Melbourne, VIC",high,"Faraday St VIC 3053 (Carlton) = Melbourne"
068ceb0d-59be-45f3-a28d-0c4797d6bf7e,"Italian Chamber of Commerce and Industry in Australia inc.","L4 / 140 William St, New South Wales 2011, AU","Sydney, NSW",high,"William St NSW 2011 = Sydney"
d10c4483-91ce-4b0d-8524-5e209fc34d88,"Italian Chamber of Commerce in Australia - Melbourne","CA","Melbourne, VIC",medium,"Name Melbourne + location_state Victoria; location 'CA'/country canada are erroneous"
676e78f5-8136-4a2c-91c1-956c797b2ae3,"Italian Chamber of Commerce in New Zealand (ICCNZ)","3 Scarborough Ln, 1052, NZ","Auckland, NZ",high,"NZ 1052 = Auckland"
86099799-b451-4811-bb63-b02763b13b12,"JETRO - Japan External Trade Organization","JP 107-6006 Japan Tokyo Ark Mori Building 6F 12-32 Akasaka 1-Chome, Tokyo 107-6006, JP","Tokyo, Japan",high,"Overseas HQ; Tokyo (JP)"
7316cc6f-11f6-4cd9-84b0-679b02a3710d,"KNZBC - Korea New Zealand Business Council","NZ","Auckland, NZ",medium,"NZ body; country-only location; location_state Auckland"
140d8405-c8fd-4654-a636-933d1ec5c818,"KOTRA","KOTRA Bldg, 13, Heolleungno, Seocho-gu, Seoul 137-749, KR","Seoul, South Korea",high,"Overseas HQ; Seoul (KR)"
9937fc4e-111d-444e-84f7-192411c210c2,"La Camara, The Spanish-Australian Chamber of Commerce and Industry","Suite 408, 203 New South Head Road, NSW 2027, AU","Sydney, NSW",high,"New South Head Rd NSW 2027 (Edgecliff) = Sydney"
843d1db6-155d-4bbf-ab97-48df37ec4d8e,"Latin America New Zealand Business Council","PO Box 128602, Remuera, Auckland 1541, NZ","Auckland, NZ",high,"Remuera, Auckland 1541 (NZ)"
de5731f1-7281-4e74-ac1e-bb24efecf82c,"Many Rivers","Australia","Australia",high,"National federal agency -> country-level (unchanged)"
f79d71a9-6c3e-4919-8604-ac9820abf6ac,"Netherlands Chamber of Commerce Australia (NCCA)","St Kilda Road Central, VIC 3004, AU","Melbourne, VIC",high,"St Kilda Rd VIC 3004 = Melbourne"
7b586349-1e36-464a-9699-2fe41fab7cc6,"New Zealand Europe Business Council Inc","NZ","Auckland, NZ",medium,"NZ body; country-only location; location_state Auckland"
e068fc08-6bb0-48b9-ba81-b4fa93d4e351,"New Zealand India Trade Alliance","98 Great South Road, Epsom 1051, NZ","Auckland, NZ",high,"Epsom, Auckland 1051 (NZ)"
2780b091-a846-42f8-9dac-c4c960da94cd,"New Zealand Middle East Business Council","Unknown","Auckland, NZ",medium,"NZ body; location_state Auckland; domain junk but name+state reliable"
57273eab-1156-496a-bd97-193e7f155dd8,"New Zealand Trade and Enterprise (NZTE)","139 Quay St, 1010, NZ","New Zealand",medium,"National NZ trade agency -> country-level (national coverage)"
3739488a-3d3e-4d55-aa48-6d0cfaac61bf,"NIAA Indigenous Entrepreneurs Fund","Australia","Australia",high,"National federal program -> country-level (unchanged)"
d71158ed-674b-4401-be7d-201105fe6484,"Norwegian Australian Chamber of Commerce (NACC)","Schweizer Kobras Lawyers, L5 23-25 O'Connell St, NSW 2000, AU","Sydney, NSW",high,"O'Connell St NSW 2000 = Sydney CBD"
de60081d-7a40-4965-93cd-da01b49bf437,"Polish Investment and Trade Agency (PAIH)","ulica Krucza 50, Woj. Mazowieckie 00-025, PL","Warsaw, Poland",high,"Overseas HQ; Warsaw (PL 00-025, Mazovia)"
4e7c2b7d-b5f5-41a1-a464-16f281d2532b,"Portrade - Portuguese Australian Chamber of Commerce","Unknown","Sydney, NSW",medium,"location_state NSW; Australian chamber -> Sydney (capital inference); domain junk"
0d6da694-bf29-4ea3-8d3f-0922d65d967b,"ProChile","Región Metropolitana 7550000, CL","Santiago, Chile",high,"Overseas HQ; Santiago (Región Metropolitana, CL)"
abfdca26-d284-407c-a253-9fdbeb1c60d2,"ProChile Australia","50 Clarence St, New South Wales 2000, AU","Sydney, NSW",high,"AU office; Clarence St NSW 2000 = Sydney CBD"
bf1dd1eb-4a85-412f-9517-ec412cdecd4f,"Queensland Japan Chamber of Commerce & Industry","GPO Box 2661, Queensland 4001, AU","Brisbane, QLD",high,"QLD 4001 (Brisbane GPO) = Brisbane"
a4eba52a-d72f-40d9-b788-3b2a6185d9dd,"Queensland Turkish Chamber of Commerce & Industry Association Incorporated","Queensland, AU","Brisbane, QLD",medium,"State-only location; name+jurisdiction Queensland -> Brisbane (capital inference)"
b8f7da51-c5c7-4aed-8050-5142ee12fc33,"Regional Development Australia","Australia","Australia",high,"National federal program -> country-level (unchanged)"
82def21b-11dc-4c6b-b78e-d35cf75e23ca,"SA Startup Ecosystem","Adelaide, SA","Adelaide, SA",high,"SA body; already clean (unchanged)"
598dcecd-a9ca-44fc-b736-5654e3d719f8,"Singapore Chamber of Commerce (Western Australia)","Subiaco, WA 6094, AU","Perth, WA",high,"Subiaco WA 6094 = Perth metro"
546bedd4-8e4a-47c4-b54f-34a23797cc4a,"SMEC AI (National AI Adopt Centre)","Melbourne, VIC","Melbourne, VIC",high,"Melbourne-based centre; already clean (unchanged)"
2dcfeabd-09df-49fc-8239-c95bd3403fc5,"Sri Lanka and Australia Chamber of Commerce","Unknown",,low,"Unknown; unrelated domain (asirihealth.com); state-only signal -> NULL"
965c5767-3493-40c7-ad82-21faec9ff259,"Startup Victoria","Melbourne, VIC","Melbourne, VIC",high,"Victorian startup body; already clean (unchanged)"
73a201e5-365a-43a6-9fcf-6134638c5f21,"Swan Chamber of Commerce","Unknown","Perth, WA",medium,"location_state WA; jurisdiction City of Swan / Perth Eastern Corridor -> Perth metro"
2b101d80-1315-4ccb-8462-23bb11237e76,"Swedish Australian Chamber of Commerce","PO Box 546, NSW 1655, AU","Sydney, NSW",high,"NSW 1655 (Sydney PO) = Sydney"
f2f89d17-e7a2-42da-ac17-509a3dffb4f7,"Swiss Australian Chamber of Commerce & Industry (SACCI)","Unknown","Sydney, NSW",medium,"location_state NSW; legit domain (swisscham.com.au) -> Sydney (capital inference)"
d141facb-4ff2-4d0c-af88-58186e50a6da,"Taiwanese Chamber of Commerce in Australia","Unknown","Sydney, NSW",medium,"Domain sydneytcca.com indicates Sydney; location_state NSW"
440690fd-f52f-4738-bd13-a3499eab8536,"The Australia-Brazil Chamber of Commerce - ABCC","95 Pitt St, Level 12, New South Wales 2000, AU","Sydney, NSW",high,"Pitt St NSW 2000 = Sydney CBD"
969eabed-01f1-447b-b254-db59318ec480,"The Consulate General Of The Sultanate Of Oman","Level 4 Suite 2, 493 St Kilda Road, Victoria 3004, AU","Melbourne, VIC",high,"St Kilda Rd VIC 3004 = Melbourne"
c2951d5e-756c-4c32-b5ac-303672010dde,"The Japan New Zealand Business Council","Unknown","Wellington, NZ",medium,"NZ body (name); location_state Wellington; location_country wrongly australia"
25e077f8-44a6-4c7f-9449-ab1e95df59d1,"Thrive Refugee Enterprise","Australia","Australia",medium,"National NFP (federal_agency) -> country-level (unchanged)"
25c43c8e-9043-48f5-bdc2-38f79b4aa431,"Trade and Investment Queensland","1 William Street, Queensland 4000, AU","Brisbane, QLD",high,"QLD state trade body; William St QLD 4000 = Brisbane"
ed38bb66-f0ec-4db1-94f9-8fc8d3f1df9e,"Trade Commissioner Service (Canada)","125 Sussex Dr, Ontario, CA","Ottawa, Canada",high,"125 Sussex Dr (Global Affairs Canada HQ), Ontario = Ottawa"
d1651398-2705-4baf-8099-749f81f94a48,"Trade Council of Denmark in Oceania","1 O'Connell Street, Level 33 , NSW 2000, AU","Sydney, NSW",high,"O'Connell St NSW 2000 = Sydney CBD (Denmark's Oceania desk)"
01e87fda-19ad-48b5-9399-64534cd17776,"U.S. Embassy in Australia","ACT, AU","Canberra, ACT",high,"US Embassy is in Canberra; location_state ACT"
3cc20d83-0845-4c9d-bc29-20da76428b5a,"UK Department for International Trade","Unknown",,low,"Unknown; domain mis-sourced (nzte.govt.nz); ambiguous AU-office vs London -> NULL"
c8fb3a54-0b5f-4ade-a535-89ff93a3daca,"Ukrainian Chamber of Commerce","Unknown","Melbourne, VIC",medium,"location_state VIC; legit domain (aucc.biz) -> Melbourne (capital inference)"
52079868-9eda-40d8-aafd-a9e1a8bd12c2,"WA Chinese Chamber Of Commerce","au","Perth, WA",medium,"Name 'WA' + location_state Western Australia + domain waccc.com.au -> Perth (capital of WA)"
